{"cameraMode":{"drawMode":0,"name":"Shaded","section":"Shading Mode"},"sceneLighting":true,"audioPlay":false,"sceneViewState":{"showFog":true,"showMaterialUpdate":false,"showSkybox":true,"showFlares":true,"showImageEffects":true,"showParticleSystems":true},"in2DMode":false,"pivot":{"x":962.270751953125,"y":173.50531005859376,"z":-104.50344848632813},"rotation":{"x":-0.06862422078847885,"y":0.6310257315635681,"z":-0.05618930608034134,"w":-0.7706750631332398},"size":47.25733947753906,"orthographic":false}